fecha;turno;categoria;maquina;gramaje;ancho;peso_kg;metros_lineales;arranque;rangos;ajustes_de_maquina;merma_kg;merma_mts
23/01/2026;A;BOPP/COEX/;SUPER SIMPLEX ;70.08;710;502;12989;14.8;0;0;14.8;297.45
23/01/2026;A;BOPP/COEX/;SUPER SIMPLEX ;70.08;710;418;10851;5.2;0;0;5.2;104.51
23/01/2026;A;BOPP/Metalizado/;SUPER SIMPLEX ;31.6;1080;2806;74121;36.5;0;0;36.5;1069.5
23/01/2026;A;Saranizado/COEX/;SIMPLEX 2;77.44;650;287;5553;10;17;0;27;536.38
23/01/2026;A;Saranizado/COEX/;SIMPLEX 2;77.44;825;77;1196;13;19;0;32;500.86
23/01/2026;A;Saranizado/COEX/;SIMPLEX 2;77.44;825;184;2953;4;0;0;4;62.61
23/01/2026;A;BOPP/Metalizado/;SIMPLEX 2;45.58;1080;113;2170;21.5;0;0;21.5;436.76
23/01/2026;A;BOPP/PP Cast/;SIMPLEX 2;72.38;741;796;14274;18;0;0;18;335.61
23/01/2026;B;BOPP/Metalizado/;SUPER SIMPLEX ;31.6;1080;3582;94089;6;0;0;6;175.81
23/01/2026;B;BOPP/Metalizado/;SUPER SIMPLEX ;31.6;1080;590;15325;6;0;0;6;175.81
23/01/2026;B;BOPP/PP Cast/;SIMPLEX 2;72.38;741;749;13371;7;0;0;7;130.52
23/01/2026;B;BOPP/PP Cast/;SIMPLEX 2;62.5;510;788;23231;6;0;0;6;188.24
23/01/2026;B;BOPP/Metalizado/;SIMPLEX 2;45.38;1080;1989;36938;11;0;0;11;224.44
26/01/2026;A;BOPP/Metalizado/;COMBI;27.4;960;3359;113740;26;0;0;26;988.44
26/01/2026;A;BOPP/Metalizado/;SUPER SIMPLEX ;27.2;1040;1553;47233;19;0;0;19;671.66
26/01/2026;A;BOPP/Metalizado/;SUPER SIMPLEX ;27.2;1080;1589;47388;34;0;0;34;1157.41
26/01/2026;A;BOPP/Metalizado/;SIMPLEX 2;31.6;1080;3469;93277;17;0;0;17;498.12
26/01/2026;B ;BOPP/Metalizado/;SIMPLEX 2;31.6;1080;3022;80779;62;0;0;62;1816.69
26/01/2026;B ;BOPP/Metalizado/;SIMPLEX 2;36.2;860;800;22763;17.5;0;0;17.5;562.12
26/01/2026;B ;BOPP/Metalizado/;SUPER SIMPLEX ;27.2;1080;442;13169;3;17;0;20;680.83
26/01/2026;B ;BOPP/Metalizado/;SUPER SIMPLEX ;27.2;1080;593;17905;12;0;0;12;408.5
26/01/2026;B ;BOPP/Metalizado/;COMBI;27.4;960;3330;113223;34.5;0;0;34.5;1311.59
27/01/2026;A;BOPP/Metalizado/;COMBI;27.4;960;3347;114238;20;0;0;20;760.34
27/01/2026;A;BOPP/Metalizado/;SUPER SIMPLEX ;27.2;1080;1300;39127;28;0;0;28;953.16
27/01/2026;A;BOPP/Metalizado/;SUPER SIMPLEX ;27.2;1080;526;16073;24.2;0;0;24.2;823.8
27/01/2026;A;BOPP/COEX/;SUPER SIMPLEX ;62.72;960;556;8999;18;0;0;18;298.92
27/01/2026;A;BOPP/Metalizado/;SIMPLEX 2;36.2;860;2427;68219;12;0;0;12;385.46
27/01/2026;A;BOPP/PP Cast/;SIMPLEX 2;72.38;741;974;17490;10;0;0;10;186.45
27/01/2026;B;BOPP/PP Cast/;SIMPLEX 2;72.38;741;416;7477;15.5;0;0;15.5;289
27/01/2026;B;BOPP/PP Cast/;SIMPLEX 2;63;900;2050;34533;47;0;0;47;828.92
27/01/2026;B;BOPP/Metalizado/;SIMPLEX 2;36.2;860;776;22756;20;0;0;20;642.43
27/01/2026;B;BOPP/Metalizado/;COMBI;27.4;960;3413;116240;32;0;0;32;1216.55
28/01/2026;A;BOPP/Metalizado/;COMBI;27.4;960;3387;115274;28;0;0;28;1064.48
28/01/2026;A;BOPP/Metalizado/;SUPER SIMPLEX ;45.38;1080;4072;76677;45.8;0;0;45.8;934.5
28/01/2026;B;BOPP Cavitado Metalizado/BOPP;SUPER SIMPLEX ;40.2;950;1481;39029;27;0;0;27;706.99
28/01/2026;B;BOPP/Metalizado/;SUPER SIMPLEX ;27.4;960;1374;46255;16;0;0;16;608.27
28/01/2026;B;BOPP/Metalizado/;SIMPLEX 2;31.6;1080;2468;30954;34;0;0;34;996.25
29/01/2026;A;BOPP/Metalizado/;SUPER SIMPLEX ;27.4;960;2607;86136;38.8;0;0;38.8;1475.06
29/01/2026;A;BOPP/Metalizado/;SIMPLEX 2;31.6;1080;987;25780;23;0;0;23;673.93
29/01/2026;A;BOPP/Metalizado/;SIMPLEX 2;28.5;860;1107;39991;19;0;0;19;775.19
29/01/2026;B;BOPP/Metalizado/;SIMPLEX 2;28.5;860;327;11826;8;0;0;8;326.4
29/01/2026;B;BOPP/Metalizado/;SIMPLEX 2;31.6;1080;529;19326;11;0;0;11;322.32
29/01/2026;B;Poliester/COEX/;SIMPLEX 2;120.08;882;320;3869;17.5;0;0;17.5;165.24
29/01/2026;B;BOPP/Metalizado/;SUPER SIMPLEX ;27.4;960;1202;39960;15;0;0;15;570.26
29/01/2026;B;BOPP/COEX/;SUPER SIMPLEX ;61.26;910;515;13395;17;0;0;17;304.97
29/01/2026;B;BOPP/COEX/;SUPER SIMPLEX ;61.26;910;180;4601;1;0;0;1;17.94
30/01/2026;A;BOPP/COEX/;SUPER SIMPLEX ;61.26;910;1694;43478;46;0;0;46;825.22
30/01/2026;A;Poliester/COEX/;SIMPLEX 2;120.08;882;592;7176;14;0;0;14;132.19
30/01/2026;A;BOPP/Metalizado/;SIMPLEX 2;31.6;900;2988;95325;39;0;0;39;1371.31
30/01/2026;B;BOPP/COEX/;SUPER SIMPLEX ;70.08;710;478;12409;13;0;0;13;261.27
30/01/2026;B;Poliester/COEX/;SUPER SIMPLEX ;121.78;882;1127;16632;40;0;0;40;372.41
30/01/2026;B;BOPP/Metalizado/;SUPER SIMPLEX ;31.6;900;1150;35672;14;0;0;14;492.26
30/01/2026;B;BOPP/Metalizado/;SIMPLEX 2;31.6;900;4054;128783;43;0;0;43;1511.95
2/02/2026;A;Saranizado/COEX/;SIMPLEX 2;77.44;831;112;1744;20;0;0;20;310.78
2/02/2026;A;BOPP/Metalizado/;SIMPLEX 2;31.6;900;594;19012;19;0;0;19;668.07
2/02/2026;B;BOPP/Metalizado/;SUPER SIMPLEX ;31.6;900;3762;117862;68;0;0;68;2391
2/02/2026;B;Poliester/COEX/[Reprint];SIMPLEX 2;36.4;894;80;2304;6;0;0;6;184.38
2/02/2026;B;BOPP/Metalizado/;SIMPLEX 2;31.6;900;2279;72143;42;0;0;42;1476.79
3/02/2026;A;BOPP/Metalizado/;SUPER SIMPLEX ;31.6;900;3956;122161;20;0;0;20;703.23
3/02/2026;A;BOPP/Metalizado/;SIMPLEX 2;31.6;1080;545;14247;21;0;0;21;615.33
3/02/2026;B;BOPP/Metalizado/;SUPER SIMPLEX ;31.6;900;3091;95085;43;0;0;43;1511.95
3/02/2026;B;BOPP/Metalizado/;SUPER SIMPLEX ;49.3;950;414;9568;44;0;0;44;939.47
3/02/2026;B;BOPP/Metalizado/;SIMPLEX 2;31.6;1080;1377;36341;27;0;0;27;791.14
3/02/2026;B;Saranizado/COEX/;SIMPLEX 2;77.44;825;144;2191;9;0;0;9;140.87
3/02/2026;B;Saranizado/COEX/;SIMPLEX 2;77.44;825;258;3935;6;0;0;6;93.91
3/02/2026;B;Poliester/COEX/;SIMPLEX 2;120.08;882;1647;19666;36;0;0;36;339.92
4/02/2026;A;Poliester/COEX/;SIMPLEX 2;133.97;882;432;4374;13.5;0;0;13.5;114.25
4/02/2026;A;BOPP/Metalizado/;SIMPLEX 2;36;1080;2658;60426;46;0;0;46;1183.13
4/02/2026;A;BOPP/Metalizado/;SUPER SIMPLEX ;27.2;1040;540;16616;5;14;0;19;671.66
4/02/2026;A;BOPP/Metalizado/;SUPER SIMPLEX ;45.38;1080;1204;22601;19;0;0;19;387.67
4/02/2026;A;BOPP/Metalizado/;SUPER SIMPLEX ;36;960;610;15702;8;12;0;20;578.7
4/02/2026;B;BOPP/Metalizado/;SUPER SIMPLEX ;27.2;1040;1014;30954;39;0;0;39;1378.68
4/02/2026;B;BOPP/Metalizado/;SUPER SIMPLEX ;31.6;1080;3457;90848;43;0;0;43;1259.96
4/02/2026;B;BOPP/Metalizado/;SIMPLEX 2;36.2;894;155;4426;3;0;0;3;92.7
4/02/2026;B;BOPP/Metalizado/;SIMPLEX 2;36.2;894;468;13278;14;0;0;14;432.6
4/02/2026;B;Poliester/COEX/[Reprint];SIMPLEX 2;36.2;860;1753;49147;0;0;0;0;0
4/02/2026;B;BOPP/Metalizado/;SIMPLEX 2;31.6;900;1169;36746;9;0;0;9;316.46
5/02/2026;A;BOPP/Metalizado/;SIMPLEX 2;31.6;900;3447;106940;38;0;0;38;1336.15
5/02/2026;B;BOPP/Metalizado/;SIMPLEX 2;31.6;900;3993;125527;34;0;0;34;1195.5
6/02/2026;A;BOPP/Metalizado/;SIMPLEX 2;31.6;900;1075;33195;13;0;0;13;457.1
6/02/2026;A;Poliester/COEX/;SIMPLEX 2;120.37;882;1277;15462;51;0;0;51;480.37
6/02/2026;B;BOPP/Metalizado/;SIMPLEX 2;31.6;1080;2270;59861;24;0;0;24;703.23
6/02/2026;B;BOPP/Metalizado/;SUPER SIMPLEX ;31.6;1080;2693;71515;33;0;0;33;966.95
6/02/2026;B;BOPP/COEX/;SIMPLEX 2;46.21;900;623;14080;14;0;0;14;336.62
7/02/2026;B;BOPP/PP Cast/;SIMPLEX 2;72.3;741;397;7247;9;0;0;9;167.99
8/02/2026;B;BOPP/PP Cast/;SIMPLEX 2;72.38;741;398;7150;6;0;0;6;111.87
9/02/2026;A;BOPP/Metalizado/;SIMPLEX 2;31.6;1080;801;2169;7;0;0;7;205.11
9/02/2026;B;BOPP/Metalizado/;SIMPLEX 2;28.5;860;467;17306;24;16;0;40;1631.99
9/02/2026;B;BOPP/Metalizado/;SIMPLEX 2;34.9;710;456;17625;12;0;0;12;484.28
9/02/2026;B;BOPP/Metalizado/;SIMPLEX 2;34.9;710;488;18632;17;13;0;30;1210.7
9/02/2026;B;Poliester/COEX/;SIMPLEX 2;120.37;882;1409;16717;24;34;0;58;546.3
9/02/2026;B;BOPP/COEX/;SUPER SIMPLEX ;61.26;1150;2991;62441;57;0;0;57;809.15
9/02/2026;B;BOPP/COEX/;SUPER SIMPLEX ;61.26;1150;522;10721;8;0;0;8;113.56
9/02/2026;B;BOPP/Metalizado/;COMBI;31.6;900;2057;65187;21;0;0;21;738.4
10/02/2026;A;BOPP/Metalizado/;COMBI;31.6;900;3623;115983;38;0;0;38;1336.15
10/02/2026;A;BOPP/COEX/;SUPER SIMPLEX ;61.26;1150;1898;38863;9;0;0;9;127.76
10/02/2026;A;BOPP/COEX/;SUPER SIMPLEX ;65.88;1150;1754;31929;14;0;0;14;184.78
10/02/2026;A;BOPP/Metalizado/;SIMPLEX 2;36;1080;560;12817;23;24;0;47;1208.85
10/02/2026;A;BOPP/Metalizado/;SIMPLEX 2;36;900;873;24009;13;0;0;13;401.23
10/02/2026;A;BOPP/PP Cast/;SIMPLEX 2;63;900;208;36045;39;0;0;39;687.83
10/02/2026;B;BOPP/PP Cast/;SIMPLEX 2;63;900;1883;32397;33;0;0;33;582.01
10/02/2026;B;BOPP/Metalizado/;SIMPLEX 2;31.6;900;1603;51162;45;0;0;45;1582.28
10/02/2026;B;BOPP/COEX/;SUPER SIMPLEX ;65.88;1150;1466;26718;27;0;0;27;356.37
10/02/2026;B;BOPP/COEX/;SUPER SIMPLEX ;65.88;1150;2307;42096;38;0;0;38;501.56
10/02/2026;B;BOPP/Metalizado/;COMBI;31.6;900;3696;116522;29;0;0;29;1019.69
11/02/2026;A;BOPP/Metalizado/;COMBI;31.6;900;1396;43098;15;0;0;15;527.43
11/02/2026;A;BOPP/COEX/;SUPER SIMPLEX ;65.88;1150;4215;76143;44;0;0;44;580.75
11/02/2026;A;BOPP/Metalizado/;SIMPLEX 2;31.6;1080;1127;30075;11;26.5;0;37.5;1098.8
11/02/2026;A;BOPP/Metalizado/;SIMPLEX 2;31.6;1080;2779;74204;23;0;20;43;1259.96
11/02/2026;B;Saranizado/COEX/;SIMPLEX 2;77.44;825;110;1655;10;0;0;10;156.52
11/02/2026;B;Saranizado/COEX/;SIMPLEX 2;77.44;825;106;1579;12;20;0;32;500.86
11/02/2026;B;BOPP/Metalizado/;SIMPLEX 2;31.6;1080;2357;62290;45;0;0;45;1318.57
11/02/2026;B;BOPP/COEX/;SUPER SIMPLEX ;65.88;1150;2077;37454;38;0;0;38;501.56
11/02/2026;B;BOPP/COEX/;SUPER SIMPLEX ;61.26;1150;1570;31945;24;0;0;24;340.69
12/02/2026;A;BOPP/COEX/;SUPER SIMPLEX ;65.88;1150;752;13897;15;0;0;15;197.98
12/02/2026;A;BOPP/COEX/;SUPER SIMPLEX ;61.26;1150;2841;57668;49;0;0;49;695.59
12/02/2026;A;BOPP/Metalizado/;SIMPLEX 2;31.6;1080;3471;90307;29;0;0;29;849.74
12/02/2026;A;BOPP/Metalizado/;SIMPLEX 2;31.6;1080;497;12901;7;0;0;7;205.11
12/02/2026;B;BOPP/Metalizado/;SIMPLEX 2;31.6;1080;609;15895;24;0;0;24;703.23
12/02/2026;B;BOPP/PP Cast/;SIMPLEX 2;63;710;628;14924;25;0;0;25;558.91
12/02/2026;B;BOPP/PP Cast/;SIMPLEX 2;63;710;634;14766;32;0;0;32;715.4
12/02/2026;B;BOPP/COEX/;SUPER SIMPLEX ;61.26;1150;3949;80354;65;0;0;65;922.71
13/02/2026;A;BOPP/PP Cast/;SIMPLEX 2;72.38;615;1501;32405;14;0;0;14;314.51
13/02/2026;A;BOPP/COEX/;SUPER SIMPLEX ;61.26;1150;4271;86440;82;0;0;82;1164.04
13/02/2026;A;Saranizado/COEX/;SIMPLEX 2;67.65;825;82;1406;17;20;0;37;662.92
13/02/2026;A;BOPP/PP Cast/;SIMPLEX 2;72.68;615;696;13580;7;0;0;7;156.61
13/02/2026;A;BOPP/PP Cast/;SIMPLEX 2;63;710;396;9446;5;0;0;5;111.78
13/02/2026;B;BOPP/PP Cast/;SIMPLEX 2;62.7;710;714;17007;19.5;0;0;19.5;438.03
13/02/2026;B;BOPP/PP Cast/;SIMPLEX 2;72.38;615;1404;30622;60;0;0;60;1347.9
13/02/2026;B;BOPP/BOPP/;SIMPLEX 2;54.4;950;345;6338;16;0;0;16;309.6
13/02/2026;B;BOPP/COEX/;SUPER SIMPLEX ;65.88;1150;362;6794;8;0;0;8;105.59
13/02/2026;B;BOPP/COEX/;SUPER SIMPLEX ;61.26;900;2264;59170;30;0;0;30;544.17
16/02/2026;A;BOPP/PP Cast/;SIMPLEX 2;72.38;615;1672;35787;38;0;0;38;853.67
16/02/2026;A;BOPP/COEX/;SUPER SIMPLEX ;61.26;900;2237;58932;55;0;0;55;997.64
16/02/2026;B;BOPP/COEX/;SUPER SIMPLEX ;61.26;900;2510;60997;15;0;0;15;272.08
16/02/2026;B;BOPP/Metalizado/;SIMPLEX 2;36;1080;4749;109124;48;0;0;48;1234.57
17/02/2026;A;BOPP/COEX/;SUPER SIMPLEX ;65.88;1150;562;10288;22;0;0;22;290.37
17/02/2026;A;BOPP/COEX/;SUPER SIMPLEX ;65.88;1150;2316;41809;25.8;0;0;25.8;340.53
17/02/2026;A;BOPP/COEX/;SUPER SIMPLEX ;65.88;1150;899;16426;9;0;0;9;118.79
17/02/2026;A;BOPP/Metalizado/;SIMPLEX 2;36;1080;1310;30563;29;0;0;29;745.88
17/02/2026;A;Poliester/COEX/;SIMPLEX 2;122.65;882;684;8101;24;26.5;0;50.5;466.83
17/02/2026;B;BOPP/COEX/;SUPER SIMPLEX ;61.26;910;2247;57978;47.2;0;0;47.2;846.75
17/02/2026;B;BOPP/COEX/;SUPER SIMPLEX ;65.88;1150;297;5464;9;0;0;9;118.79
17/02/2026;B;BOPP/COEX/;SUPER SIMPLEX ;65.88;1150;422;7732;16;0;0;16;211.18
17/02/2026;B;BOPP/Metalizado/;SIMPLEX 2;45.2;900;124;28278;32;0;0;32;786.63
17/02/2026;B;Saranizado/COEX/;SIMPLEX 2;67.65;825;92;1584;6;0;0;6;107.5
17/02/2026;B;Saranizado/COEX/;SIMPLEX 2;77.44;825;310;4712;22;0;0;22;344.34
18/02/2026;A;BOPP/COEX/;SUPER SIMPLEX ;61.26;910;2803;72136;39;0;0;39;699.64
18/02/2026;B;BOPP/Metalizado/;SIMPLEX 2;45.2;900;1761;39894;18;0;0;18;442.48
18/02/2026;B;BOPP/COEX/;SIMPLEX 2;52.08;960;2509;47050;39;0;0;39;780.04
18/02/2026;B;BOPP/COEX/;SUPER SIMPLEX ;61.26;910;1434;36967;20;0;0;20;358.79
18/02/2026;B;BOPP/COEX/;SUPER SIMPLEX ;70.08;710;1058;27296;22;0;0;22;442.15
19/02/2026;A;BOPP/Metalizado/;SUPER SIMPLEX ;27.2;1080;791;23693;12;0;0;12;408.5
19/02/2026;A;BOPP/COEX/;SUPER SIMPLEX ;61.26;1150;1291;25998;38;0;0;38;539.43
23/02/2026;A;BOPP/Metalizado/;SIMPLEX 2;31.7;1078;1875;49261;32;0;0;32;936.42
23/02/2026;B;BOPP/Metalizado/;SIMPLEX 2;31.7;1078;1328;34709;23;0;0;23;673.05
23/02/2026;B;BOPP/Metalizado/;SIMPLEX 2;31.6;900;1423;45735;18;0;0;18;632.91
23/02/2026;B;BOPP/COEX/;SUPER SIMPLEX ;65.88;1150;3740;68114;60;0;0;60;791.93
23/02/2026;B;BOPP/Metalizado/;COMBI;27.2;1040;1958;60375;35;0;0;35;1237.27
24/02/2026;A;BOPP/COEX/;SUPER SIMPLEX ;65.88;1150;631;11532;6.8;0;0;6.8;89.75
24/02/2026;A;BOPP/COEX/;SUPER SIMPLEX ;65.88;1150;372;6803;7.5;0;0;7.5;98.99
24/02/2026;A;BOPP/COEX/;SUPER SIMPLEX ;62.72;960;644;10164;5;0;0;5;83.03
24/02/2026;A;BOPP/COEX/;SUPER SIMPLEX ;62.72;960;591;9149;10;0;10;20;332.14
24/02/2026;A;BOPP/COEX/;SIMPLEX 2;90.58;882;71;897;28.6;0;28.6;57.2;716.01
24/02/2026;A;BOPP/COEX/;SIMPLEX 2;90.68;960;423;5058;20;0;40;60;689.27
24/02/2026;A;BOPP/Metalizado/;SIMPLEX 2;31.6;900;461;14886;11;0;0;11;386.78
24/02/2026;B;BOPP/Metalizado/;SIMPLEX 2;31.6;900;1075;34894;13;0;0;13;457.1
24/02/2026;B;BOPP/PP Cast/;SIMPLEX 2;72.68;615;369;7959;11;0;0;11;246.09
24/02/2026;B;BOPP/Metalizado/;SIMPLEX 2;31.6;1080;588;15614;16;18;0;34;996.25
24/02/2026;B;BOPP/Metalizado/;SIMPLEX 2;31.6;1080;765;20389;14;0;0;14;410.22
24/02/2026;B;BOPP/COEX/;SUPER SIMPLEX ;62.92;800;598;11502;19;0;0;19;377.43
24/02/2026;B;BOPP/Metalizado/;COMBI;27.2;1040;1116;34587;23;0;0;23;813.07
24/02/2026;B;BOPP/Metalizado/;COMBI;27.4;960;1920;63604;17;0;0;17;646.29
25/02/2026;A;BOPP/Metalizado/;SIMPLEX 2;31.6;1080;3817;101193;19;0;0;19;556.73
25/02/2026;B;BOPP/Metalizado/;SIMPLEX 2;31.6;1080;2136;56592;27;0;0;27;791.14
25/02/2026;B;BOPP/BOPP/;SIMPLEX 2;54.4;950;345;6300;18;0;0;18;348.3
25/02/2026;B;BOPP/Metalizado/;SIMPLEX 2;31.6;1080;762;21580;38;0;0;38;1113.46
25/02/2026;B;BOPP/Metalizado/;SUPER SIMPLEX ;31.7;960;1173;34074;14;0;0;14;460.04
25/02/2026;B;BOPP/Metalizado/;COMBI;27.4;960;1891;62237;18;0;0;18;684.31
25/02/2026;B;BOPP/Metalizado/;COMBI;27.4;960;966;32915;12;0;0;12;456.2
26/02/2026;A;BOPP/COEX/;SUPER SIMPLEX ;61.26;910;1035;25371;13;0;20;33;592
26/02/2026;A;BOPP/PP Cast/;SIMPLEX 2;49.4;1250;331;7216;15;0;0;15;242.91
26/02/2026;A;BOPP/Metalizado/;SIMPLEX 2;28.5;860;452;17561;20;0;0;20;815.99
26/02/2026;B;BOPP/Metalizado/;SIMPLEX 2;28.5;860;241;9165;8;0;0;8;326.4
26/02/2026;B;BOPP/Metalizado/;SUPER SIMPLEX ;31.7;1078;3225;85719;28;0;0;28;819.37
26/02/2026;B;BOPP/Metalizado/;COMBI;27.4;960;2915;98899;22;0;0;22;836.37
27/02/2026;A;BOPP/Metalizado/;COMBI;27.4;960;3492;119778;10;0;0;10;380.17
27/02/2026;A;BOPP/Metalizado/;SUPER SIMPLEX ;31.7;1078;3201;83929;36;0;0;36;1053.48
2/03/2026;B;BOPP/Metalizado/;SUPER SIMPLEX ;27.4;960;3407;118477;7;0;27;34;1292.58
2/03/2026;B;BOPP/Metalizado/;SIMPLEX 2;45.2;900;2158;49247;23;0;0;23;565.39
3/03/2026;A;BOPP/Metalizado/;SIMPLEX 2;45.2;900;1671;38238;23;0;0;23;565.39
3/03/2026;A;BOPP/Metalizado/;SUPER SIMPLEX ;27.4;960;473;16565;14;0;0;14;532.24
3/03/2026;A;BOPP/Metalizado/;SUPER SIMPLEX ;61.26;910;557;14211;12;0;0;12;215.27
3/03/2026;A;BOPP/Metalizado/;SUPER SIMPLEX ;61.26;910;514;13208;12;0;0;12;215.27
3/03/2026;A;BOPP/Metalizado/;SUPER SIMPLEX ;65.88;1150;482;8781;12;0;0;12;158.39
3/03/2026;A;BOPP/Metalizado/;COMBI;65.89;882;81;1500;6;0;0;6;103.24
3/03/2026;B;BOPP/Metalizado/;SUPER SIMPLEX ;27.4;960;3443;120121;6.2;0;0;6.2;235.71
3/03/2026;B;BOPP/PP Cast/;SIMPLEX 2;62.5;510;398;11582;5;0;0;5;156.86
3/03/2026;B;BOPP/PP Cast/;SIMPLEX 2;62.5;510;385;11316;8;0;0;8;250.98
3/03/2026;B;BOPP/PP Cast/;SIMPLEX 2;62.5;510;629;18233;12;0;0;12;376.47
4/03/2026;A;BOPP/Metalizado/;SIMPLEX 2;36;1080;2116;48326;39;0;0;39;1003.09
4/03/2026;A;BOPP/Metalizado/;COMBI;31.6;900;1256;39830;10;0;0;10;351.62
4/03/2026;B;BOPP/Metalizado/;COMBI;45.2;900;4791;110503;10;0;0;10;245.82
4/03/2026;B;BOPP/Metalizado/;SUPER SIMPLEX ;45.2;900;4737;109193;20;0;0;20;491.64
4/03/2026;B;BOPP/Metalizado/;SIMPLEX 2;36;1080;1064;24751;13;0;0;13;334.36
4/03/2026;B;BOPP/PP Cast/;SIMPLEX 2;72.68;615;935;18082;14;0;0;14;313.21
5/03/2026;A;BOPP/PP Cast/;SIMPLEX 2;72.68;615;716;13856;10;0;0;10;223.72
5/03/2026;A;BOPP/PP Cast/;SIMPLEX 2;62.7;710;453;9522;12;0;0;12;269.56
5/03/2026;A;BOPP/COEX/;SIMPLEX 2;70.08;630;235;11140;10;0;0;10;226.5
5/03/2026;A;BOPP/Metalizado/;SUPER SIMPLEX ;27.4;960;1856;63670;17;0;0;17;646.29
5/03/2026;A;BOPP/Metalizado/;SUPER SIMPLEX ;45.38;1080;1829;34692;18;0;0;18;367.27
6/03/2026;A;BOPP/Metalizado/;SIMPLEX 2;36;1080;2094;48339;22;0;0;22;565.84
6/03/2026;A;BOPP/Metalizado/;SUPER SIMPLEX ;27.2;1040;897;27717;20;0;0;20;707.01
6/03/2026;A;BOPP/COEX/;SUPER SIMPLEX ;70.08;710;9;318;8;0;0;8;160.78
6/03/2026;A;BOPP/Metalizado/;COMBI;31.6;900;2979;94729;24;0;0;24;843.88
9/03/2026;B;Poliester/COEX/;SIMPLEX 2;120.18;665;747;8883;47;0;0;47;588.1
9/03/2026;B;BOPP/PP Cast/;SIMPLEX 2;120.18;665;327;3928;13;35;0;48;600.61
9/03/2026;B;BOPP/PP Cast/;SIMPLEX 2;72.38;741;1124;;29;0;0;29;540.71
9/03/2026;B;BOPP/Metalizado/;COMBI;27.2;1080;1036;30647;10;0;0;10;340.41
9/03/2026;B;BOPP/Metalizado/;COMBI;27.2;1080;536;15996;13;0;0;13;442.54
9/03/2026;B;BOPP/Metalizado/;SUPER SIMPLEX ;31.6;1080;3116;80944;35;0;0;35;1025.55
10/03/2026;A;BOPP/Metalizado/;SUPER SIMPLEX ;70.08;1040;874;15244;9.4;0;11;20.4;279.9
11/06/2026;A;BOPP/Metalizado/;SUPER SIMPLEX ;31.7;1078;2303;59959;8.4;0;0;8.4;245.81
11/03/2026;A;BOPP/Metalizado/;SIMPLEX 2;31.6;1080;2147;56299;18;0;20;38;1113.46
11/03/2026;B;BOPP/PP Cast/;SIMPLEX 2;62.5;510;567;15740;37;16;0;53;1662.75
11/03/2026;B;BOPP/PP Cast/;SIMPLEX 2;72.3;741;377;6841;10;0;0;10;186.66
11/03/2026;B;BOPP/Metalizado/;SIMPLEX 2;45.38;1080;1014;19077;17;0;0;17;346.87
11/03/2026;B;BOPP/Metalizado/;SUPER SIMPLEX ;31.7;1078;3142;81952;46;0;0;46;1346.11
12/03/2026;A;BOPP/Metalizado/;SUPER SIMPLEX ;31.7;1078;1317;34149;6.4;0;10;16.4;479.92
12/03/2026;A;BOPP/Metalizado/;SUPER SIMPLEX ;27.2;1080;539;15379;7;0;14;21;714.87
12/03/2026;A;BOPP/Metalizado/;SUPER SIMPLEX ;49.3;950;398;9165;10.4;0;21;31.4;670.44
12/03/2026;B;BOPP/Metalizado/;SIMPLEX 2;45.38;1080;684;12879;17;0;0;17;346.87
12/03/2026;B;BOPP/Metalizado/;SIMPLEX 2;28.5;860;848;31304;20;0;0;20;815.99
12/03/2026;B;BOPP/Metalizado/;SUPER SIMPLEX ;27.2;1040;1243;37932;18;0;0;18;636.31
12/03/2026;B;BOPP/Metalizado/;SUPER SIMPLEX ;31.6;1080;559;14726;7;0;0;7;205.11
12/03/2026;B;BOPP/Metalizado/;SUPER SIMPLEX ;31.6;1080;93;2523;9;0;0;9;263.71
12/03/2026;B;BOPP/Metalizado/;COMBI;31.6;900;2994;95955;23;0;0;23;808.72
13/03/2026;A;BOPP/Metalizado/;COMBI;31.6;900;2366;75924;10;0;0;10;351.62
13/03/2026;A;BOPP/Metalizado/;SUPER SIMPLEX ;31.6;900;2482;78075;10.2;0;0;10.2;358.65
13/03/2026;A;BOPP/Metalizado/;SIMPLEX 2;28.5;860;1353;50838;16;0;0;16;652.79
13/03/2026;B;BOPP/Metalizado/;SIMPLEX 2;28.5;860;1296;48561;27;0;0;27;1101.59
13/03/2026;B;Poliester/COEX/;SUPER SIMPLEX ;121.78;630;312;4572;14;0;0;14;182.48
13/03/2026;B;Poliester/COEX/;SUPER SIMPLEX ;121.78;630;344;5121;14;0;0;14;182.48
13/03/2026;B;BOPP/Metalizado/;COMBI;31.6;900;2366;75519;16;0;0;16;562.59
13/03/2026;B;BOPP/Metalizado/;SUPER SIMPLEX ;31.6;900;1468;46698;20;0;0;20;703.23
16/03/2026;A;BOPP/PP Cast/;SIMPLEX 2;63;900;1070;17913;21;0;0;21;370.37
16/03/2026;A;BOPP/PP Cast/;SIMPLEX 2;63;900;2105;35336;41;0;0;41;723.1
16/03/2026;B;BOPP/Metalizado/;SUPER SIMPLEX ;31.6;900;1183;36685;7;0;25;32;1125.18
16/03/2026;B;BOPP/PP Cast/;SIMPLEX 2;63;900;2025;34452;14;0;0;14;246.91
16/03/2026;B;BOPP/Metalizado/;SIMPLEX 2;31.7;1078;1031;26905;14;0;0;14;409.68
17/03/2026;A;BOPP/Metalizado/;SIMPLEX 2;31.6;1080;1038;27064;26;0;0;26;761.84
17/03/2026;A;BOPP/COEX/;SIMPLEX 2;52.08;960;2349;43772;29;0;0;29;580.03
17/03/2026;A;BOPP/Metalizado/;SUPER SIMPLEX ;31.6;900;2966;93092;24;0;0;24;843.88
17/03/2026;B;BOPP/Metalizado/;SUPER SIMPLEX ;45.3;1080;1553;28891;14.2;0;8;22.2;453.77
17/03/2026;B;BOPP/COEX/;SIMPLEX 2;52.08;960;2783;51097;22;0;0;22;440.02
18/03/2026;A;BOPP/Metalizado/;SIMPLEX 2;28.4;800;1423;51389;28;0;0;28;1232.39
18/03/2026;A;BOPP/Metalizado/;SUPER SIMPLEX ;31.6;900;2047;64611;44;0;0;44;1547.12
18/03/2026;B;BOPP/Metalizado/;SUPER SIMPLEX ;31.6;900;4073;125458;6;0;46;52;1828.41
18/03/2026;B;BOPP/Metalizado/;SIMPLEX 2;28.4;800;1142;41761;6;0;0;6;264.08
18/03/2026;B;Saranizado/COEX/;SIMPLEX 2;77.44;650;290;5548;6;0;0;6;119.2
18/03/2026;B;BOPP/Metalizado/;SIMPLEX 2;28.4;800;201;7394;16;0;0;16;704.23
19/03/2026;A;Poliester/COEX/;SIMPLEX 2;120.18;665;411;4868;25;25;0;50;625.64
19/03/2026;A;BOPP/PP Cast/;SIMPLEX 2;62.5;510;266;7861;15;0;0;15;470.59
19/03/2026;A;BOPP/Metalizado/;SUPER SIMPLEX ;;;2448;77147;28;0;0;28;0
19/03/2026;B;BOPP/Metalizado/;SUPER SIMPLEX ;;;840;19203;7;0;0;7;0
19/03/2026;B;BOPP/Metalizado/;SUPER SIMPLEX ;;;1194;14115;3;0;0;3;0
19/03/2026;B;BOPP/Metalizado/;SIMPLEX 2;;;3042;66397;24;0;0;24;0
